Vashi - Dribble Haware Fantasia,8
Vashi - Goalbox Sainath Turf,28
Vashi - Fr. Agnel Astroturf,12
Vashi - Meckavo Sports ,3
Vashi - Gallant Sports Infra,28
Vashi - Nmsa Ground,12
Vashi - Rajiv Gandhi College Vashi Sports,42
Vashi - Cosmos Ground,30
Sanpada - Vpro Cricket Indoor Turf,10
Nerul - Ultra Instinct Sports Academy Turf,9
Nerul - Terna Turf Ground Sector,30
Nerul - Xavier'S,30
Nerul - Trickshot India,1
Nerul - Urban Sports- Nr Bhagat,1
Seawoods - Don Bosco Football Turf,1
Belapur - Sports Ground,13
Kharghar - Skygoal - The Multisports Turf,5
Kharghar - Empyrean Turf,35
Kharghar - Kpc Turf,16
"Kharghar - Radcliffe Turf, Super Sports Park",8
Panvel - Turfit,16
Panvel - Ground Zero Turf,8
Panvel - Karnala Sports Academy,16
Panvel - Soccer City Panvel,10
Panvel - Sportsbox,45
Panvel - Skygoal,6
